排名,电影名,评分,评价人数,导演,年份,国家,链接
1,肖申克的救赎,9.7,未知,弗兰克·德拉邦特 Frank Darabont,未知,未知,https://movie.douban.com/subject/1292052/
2,霸王别姬,9.6,未知,陈凯歌 Kaige Chen,未知,未知,https://movie.douban.com/subject/1291546/
3,泰坦尼克号,9.5,未知,詹姆斯·卡梅隆 James Cameron,未知,未知,https://movie.douban.com/subject/1292722/
4,阿甘正传,9.5,未知,罗伯特·泽米吉斯 Robert Zemeckis,未知,未知,https://movie.douban.com/subject/1292720/
5,千与千寻,9.4,未知,宫崎骏 Hayao Miyazaki,未知,未知,https://movie.douban.com/subject/1291561/
6,星际穿越,9.4,未知,克里斯托弗·诺兰 Christopher Nolan,未知,未知,https://movie.douban.com/subject/1889243/
7,美丽人生,9.5,未知,罗伯托·贝尼尼 Roberto Benigni,未知,未知,https://movie.douban.com/subject/1292063/
8,这个杀手不太冷,9.4,未知,吕克·贝松 Luc Besson,未知,未知,https://movie.douban.com/subject/1295644/
9,盗梦空间,9.4,未知,克里斯托弗·诺兰 Christopher Nolan,未知,未知,https://movie.douban.com/subject/3541415/
10,楚门的世界,9.4,未知,彼得·威尔 Peter Weir,未知,未知,https://movie.douban.com/subject/1292064/
11,辛德勒的名单,9.5,未知,史蒂文·斯皮尔伯格 Steven Spielberg,未知,未知,https://movie.douban.com/subject/1295124/
12,忠犬八公的故事,9.4,未知,莱塞·霍尔斯道姆 Lasse Hallström,未知,未知,https://movie.douban.com/subject/3011091/
13,海上钢琴师,9.3,未知,朱塞佩·托纳多雷 Giuseppe Tornatore,未知,未知,https://movie.douban.com/subject/1292001/
14,疯狂动物城,9.3,未知,拜伦·霍华德 Byron Howard / 瑞奇·摩尔 Rich Moore,未知,未知,https://movie.douban.com/subject/25662329/
15,三傻大闹宝莱坞,9.2,未知,拉库马·希拉尼 Rajkumar Hirani,未知,未知,https://movie.douban.com/subject/3793023/
16,机器人总动员,9.3,未知,安德鲁·斯坦顿 Andrew Stanton,未知,未知,https://movie.douban.com/subject/2131459/
17,放牛班的春天,9.3,未知,克里斯托夫·巴拉蒂 Christophe Barratier,未知,未知,https://movie.douban.com/subject/1291549/
18,无间道,9.3,未知,刘伟强 / 麦兆辉,未知,未知,https://movie.douban.com/subject/1307914/
19,控方证人,9.6,未知,比利·怀尔德 Billy Wilder,未知,未知,https://movie.douban.com/subject/1296141/
20,寻梦环游记,9.1,未知,李·昂克里奇 Lee Unkrich / 阿德里安·莫利纳 Adrian Molina,未知,未知,https://movie.douban.com/subject/20495023/
21,大话西游之大圣娶亲,9.2,未知,刘镇伟 Jeffrey Lau,未知,未知,https://movie.douban.com/subject/1292213/
22,熔炉,9.3,未知,黄东赫 Dong-hyuk Hwang,未知,未知,https://movie.douban.com/subject/5912992/
23,触不可及,9.3,未知,奥利维·那卡什 Olivier Nakache / 艾力克·托兰达 Eric Toledano,未知,未知,https://movie.douban.com/subject/6786002/
24,教父,9.3,未知,弗朗西斯·福特·科波拉 Francis Ford Coppola,未知,未知,https://movie.douban.com/subject/1291841/
25,哈利·波特与魔法石,9.2,未知,Chris Columbus,未知,未知,https://movie.douban.com/subject/1295038/
26,末代皇帝,9.3,未知,贝纳尔多·贝托鲁奇 Bernardo Bertolucci,未知,未知,https://movie.douban.com/subject/1293172/
27,当幸福来敲门,9.1,未知,加布里尔·穆奇诺 Gabriele Muccino,未知,未知,https://movie.douban.com/subject/1849031/
28,龙猫,9.2,未知,宫崎骏 Hayao Miyazaki,未知,未知,https://movie.douban.com/subject/1291560/
29,活着,9.3,未知,张艺谋 Yimou Zhang,未知,未知,https://movie.douban.com/subject/1292365/
30,怦然心动,9.1,未知,罗伯·莱纳 Rob Reiner,未知,未知,https://movie.douban.com/subject/3319755/
31,蝙蝠侠：黑暗骑士,9.2,未知,克里斯托弗·诺兰 Christopher Nolan,未知,未知,https://movie.douban.com/subject/1851857/
32,指环王3：王者无敌,9.3,未知,彼得·杰克逊 Peter Jackson,未知,未知,https://movie.douban.com/subject/1291552/
33,我不是药神,9.0,未知,文牧野 Muye Wen,未知,未知,https://movie.douban.com/subject/26752088/
34,乱世佳人,9.3,未知,维克多·弗莱明 Victor Fleming / 乔治·库克 George Cukor,未知,未知,https://movie.douban.com/subject/1300267/
35,让子弹飞,9.0,未知,姜文 Wen Jiang,未知,未知,https://movie.douban.com/subject/3742360/
36,飞屋环游记,9.1,未知,彼特·道格特 Pete Docter / 鲍勃·彼德森 Bob Peterson,未知,未知,https://movie.douban.com/subject/2129039/
37,哈尔的移动城堡,9.1,未知,宫崎骏 Hayao Miyazaki,未知,未知,https://movie.douban.com/subject/1308807/
38,十二怒汉,9.4,未知,西德尼·吕美特 Sidney Lumet,未知,未知,https://movie.douban.com/subject/1293182/
39,海蒂和爷爷,9.3,未知,阿兰·葛斯彭纳 Alain Gsponer,未知,未知,https://movie.douban.com/subject/25958717/
40,素媛,9.3,未知,李濬益 Jun-ik Lee,未知,未知,https://movie.douban.com/subject/21937452/
41,猫鼠游戏,9.1,未知,史蒂文·斯皮尔伯格 Steven Spielberg,未知,未知,https://movie.douban.com/subject/1305487/
42,天空之城,9.2,未知,宫崎骏 Hayao Miyazaki,未知,未知,https://movie.douban.com/subject/1291583/
43,鬼子来了,9.3,未知,姜文 Wen Jiang,未知,未知,https://movie.douban.com/subject/1291858/
44,摔跤吧！爸爸,9.0,未知,涅提·蒂瓦里 Nitesh Tiwari,未知,未知,https://movie.douban.com/subject/26387939/
45,少年派的奇幻漂流,9.1,未知,李安 Ang Lee,未知,未知,https://movie.douban.com/subject/1929463/
46,钢琴家,9.3,未知,罗曼·波兰斯基 Roman Polanski,未知,未知,https://movie.douban.com/subject/1296736/
47,死亡诗社,9.2,未知,彼得·威尔 Peter Weir,未知,未知,https://movie.douban.com/subject/1291548/
48,指环王2：双塔奇兵,9.2,未知,彼得·杰克逊 Peter Jackson,未知,未知,https://movie.douban.com/subject/1291572/
49,大话西游之月光宝盒,9.0,未知,刘镇伟 Jeffrey Lau,未知,未知,https://movie.douban.com/subject/1299398/
50,绿皮书,8.9,未知,彼得·法雷里 Peter Farrelly,未知,未知,https://movie.douban.com/subject/27060077/
51,何以为家,9.1,未知,娜丁·拉巴基 Nadine Labaki,未知,未知,https://movie.douban.com/subject/30170448/
52,闻香识女人,9.1,未知,马丁·布莱斯 Martin Brest,未知,未知,https://movie.douban.com/subject/1298624/
53,大闹天宫,9.4,未知,万籁鸣 Laiming Wan,未知,未知,https://movie.douban.com/subject/1418019/
54,黑客帝国,9.1,未知,安迪·沃卓斯基 Andy Wachowski / 拉娜·沃卓斯基 Lana Wachowski,未知,未知,https://movie.douban.com/subject/1291843/
55,指环王1：护戒使者,9.1,未知,彼得·杰克逊 Peter Jackson,未知,未知,https://movie.douban.com/subject/1291571/
56,罗马假日,9.1,未知,威廉·惠勒 William Wyler,未知,未知,https://movie.douban.com/subject/1293839/
57,教父2,9.3,未知,弗朗西斯·福特·科波拉 Francis Ford Coppola,未知,未知,https://movie.douban.com/subject/1299131/
58,狮子王,9.1,未知,Roger Allers / 罗伯·明可夫 Rob Minkoff,未知,未知,https://movie.douban.com/subject/1301753/
59,天堂电影院,9.2,未知,朱塞佩·托纳多雷 Giuseppe Tornatore,未知,未知,https://movie.douban.com/subject/1291828/
60,饮食男女,9.2,未知,李安 Ang Lee,未知,未知,https://movie.douban.com/subject/1291818/
61,辩护人,9.2,未知,杨宇硕 Woo-seok Yang,未知,未知,https://movie.douban.com/subject/21937445/
62,本杰明·巴顿奇事,9.0,未知,大卫·芬奇 David Fincher,未知,未知,https://movie.douban.com/subject/1485260/
63,搏击俱乐部,9.0,未知,大卫·芬奇 David Fincher,未知,未知,https://movie.douban.com/subject/1292000/
64,美丽心灵,9.1,未知,朗·霍华德 Ron Howard,未知,未知,https://movie.douban.com/subject/1306029/
65,穿条纹睡衣的男孩,9.2,未知,马克·赫尔曼 Mark Herman,未知,未知,https://movie.douban.com/subject/3008247/
66,哈利·波特与死亡圣器(下),9.0,未知,大卫·叶茨 David Yates,未知,未知,https://movie.douban.com/subject/3011235/
67,两杆大烟枪,9.1,未知,盖·里奇 Guy Ritchie,未知,未知,https://movie.douban.com/subject/1293350/
68,功夫,8.9,未知,周星驰 Stephen Chow,未知,未知,https://movie.douban.com/subject/1291543/
69,情书,8.9,未知,岩井俊二 Shunji Iwai,未知,未知,https://movie.douban.com/subject/1292220/
70,窃听风暴,9.2,未知,"弗洛里安·亨克尔·冯·多纳斯马尔克 Florian Henckel von Donnersmarck  &n...
                            2006 / 德国 / 剧情 悬疑",未知,未知,https://movie.douban.com/subject/1900841/
71,音乐之声,9.1,未知,罗伯特·怀斯 Robert Wise,未知,未知,https://movie.douban.com/subject/1294408/
72,哈利·波特与阿兹卡班的囚徒,9.0,未知,阿方索·卡隆 Alfonso Cuarón,未知,未知,https://movie.douban.com/subject/1291544/
73,阿凡达,8.8,未知,詹姆斯·卡梅隆 James Cameron,未知,未知,https://movie.douban.com/subject/1652587/
74,西西里的美丽传说,8.9,未知,朱塞佩·托纳多雷 Giuseppe Tornatore,未知,未知,https://movie.douban.com/subject/1292402/
75,看不见的客人,8.8,未知,奥里奥尔·保罗 Oriol Paulo,未知,未知,https://movie.douban.com/subject/26580232/
76,拯救大兵瑞恩,9.1,未知,史蒂文·斯皮尔伯格 Steven Spielberg,未知,未知,https://movie.douban.com/subject/1292849/
77,沉默的羔羊,8.9,未知,乔纳森·戴米 Jonathan Demme,未知,未知,https://movie.douban.com/subject/1293544/
78,小鞋子,9.2,未知,马基德·马基迪 Majid Majidi,未知,未知,https://movie.douban.com/subject/1303021/
79,蝴蝶效应,8.9,未知,埃里克·布雷斯 Eric Bress / J·麦基·格鲁伯 J. Mackye Gruber,未知,未知,https://movie.douban.com/subject/1292343/
80,布达佩斯大饭店,8.9,未知,韦斯·安德森 Wes Anderson,未知,未知,https://movie.douban.com/subject/11525673/
81,还有明天,9.3,未知,宝拉·柯特莱西 Paola Cortellesi,未知,未知,https://movie.douban.com/subject/36445098/
82,飞越疯人院,9.1,未知,米洛斯·福尔曼 Miloš Forman,未知,未知,https://movie.douban.com/subject/1292224/
83,禁闭岛,8.9,未知,Martin Scorsese,未知,未知,https://movie.douban.com/subject/2334904/
84,心灵捕手,9.0,未知,格斯·范·桑特 Gus Van Sant,未知,未知,https://movie.douban.com/subject/1292656/
85,致命魔术,8.9,未知,克里斯托弗·诺兰 Christopher Nolan,未知,未知,https://movie.douban.com/subject/1780330/
86,低俗小说,8.9,未知,昆汀·塔伦蒂诺 Quentin Tarantino,未知,未知,https://movie.douban.com/subject/1291832/
87,哈利·波特与密室,8.9,未知,Chris Columbus,未知,未知,https://movie.douban.com/subject/1296996/
88,一一,9.1,未知,杨德昌 Edward Yang,未知,未知,https://movie.douban.com/subject/1292434/
89,超脱,9.0,未知,托尼·凯耶 Tony Kaye,未知,未知,https://movie.douban.com/subject/5322596/
90,喜剧之王,8.8,未知,周星驰 Stephen Chow / 李力持 Lik-Chi Lee,未知,未知,https://movie.douban.com/subject/1302425/
91,致命ID,8.9,未知,詹姆斯·曼高德 James Mangold,未知,未知,https://movie.douban.com/subject/1297192/
92,杀人回忆,8.9,未知,奉俊昊 Joon-ho Bong,未知,未知,https://movie.douban.com/subject/1300299/
93,摩登时代,9.3,未知,查理·卓别林 Charles Chaplin,未知,未知,https://movie.douban.com/subject/1294371/
94,加勒比海盗,8.8,未知,戈尔·维宾斯基 Gore Verbinski,未知,未知,https://movie.douban.com/subject/1298070/
95,春光乍泄,9.0,未知,王家卫 Kar Wai Wong,未知,未知,https://movie.douban.com/subject/1292679/
96,海豚湾,9.3,未知,路易·西霍尤斯 Louie Psihoyos,未知,未知,https://movie.douban.com/subject/3442220/
97,美国往事,9.1,未知,赛尔乔·莱翁内 Sergio Leone,未知,未知,https://movie.douban.com/subject/1292262/
98,红辣椒,9.0,未知,今敏 Satoshi Kon,未知,未知,https://movie.douban.com/subject/1865703/
99,七宗罪,8.8,未知,大卫·芬奇 David Fincher,未知,未知,https://movie.douban.com/subject/1292223/
100,唐伯虎点秋香,8.8,未知,李力持 Lik-Chi Lee,未知,未知,https://movie.douban.com/subject/1306249/
101,狩猎,9.1,未知,托马斯·温特伯格 Thomas Vinterberg,未知,未知,https://movie.douban.com/subject/6985810/
102,幽灵公主,8.9,未知,宫崎骏 Hayao Miyazaki,未知,未知,https://movie.douban.com/subject/1297359/
103,寄生虫,8.8,未知,奉俊昊 Joon-ho Bong,未知,未知,https://movie.douban.com/subject/27010768/
104,甜蜜蜜,8.9,未知,陈可辛 Peter Chan,未知,未知,https://movie.douban.com/subject/1305164/
105,天书奇谭,9.2,未知,王树忱 Shuchen Wang / 钱运达 Yunda Qian,未知,未知,https://movie.douban.com/subject/1428581/
106,蝙蝠侠：黑暗骑士崛起,8.9,未知,克里斯托弗·诺兰 Christopher Nolan,未知,未知,https://movie.douban.com/subject/3395373/
107,超能陆战队,8.8,未知,唐·霍尔 Don Hall / 克里斯·威廉姆斯 Chris Williams,未知,未知,https://movie.douban.com/subject/11026735/
108,茶馆,9.5,未知,谢添 Tian Xie,未知,未知,https://movie.douban.com/subject/1461403/
109,7号房的礼物,8.9,未知,李焕庆 Hwan-kyeong Lee,未知,未知,https://movie.douban.com/subject/10777687/
110,第六感,8.9,未知,M·奈特·沙马兰 M. Night Shyamalan,未知,未知,https://movie.douban.com/subject/1297630/
111,爱在日落黄昏时,8.9,未知,理查德·林克莱特 Richard Linklater,未知,未知,https://movie.douban.com/subject/1291990/
112,爱在黎明破晓前,8.8,未知,理查德·林克莱特 Richard Linklater,未知,未知,https://movie.douban.com/subject/1296339/
113,头脑特工队,8.9,未知,"彼特·道格特 Pete Docter / 罗纳尔多·德尔·卡门 Ronaldo Del Carmen  &nb...
                            2015 / 美国 / 喜剧 动画 冒险",未知,未知,https://movie.douban.com/subject/10533913/
114,哈利·波特与火焰杯,8.8,未知,迈克·内威尔 Mike Newell,未知,未知,https://movie.douban.com/subject/1309055/
115,被嫌弃的松子的一生,8.8,未知,中岛哲也 Tetsuya Nakashima,未知,未知,https://movie.douban.com/subject/1787291/
116,未麻的部屋,9.1,未知,今敏 Satoshi Kon,未知,未知,https://movie.douban.com/subject/1395091/
117,重庆森林,8.8,未知,王家卫 Kar Wai Wong,未知,未知,https://movie.douban.com/subject/1291999/
118,借东西的小人阿莉埃蒂,8.9,未知,米林宏昌 Hiromasa Yonebayashi,未知,未知,https://movie.douban.com/subject/4202302/
119,菊次郎的夏天,8.9,未知,北野武 Takeshi Kitano,未知,未知,https://movie.douban.com/subject/1293359/
120,入殓师,8.9,未知,泷田洋二郎 Yôjirô Takita,未知,未知,https://movie.douban.com/subject/2149806/
121,剪刀手爱德华,8.7,未知,蒂姆·波顿 Tim Burton,未知,未知,https://movie.douban.com/subject/1292370/
122,断背山,8.8,未知,李安 Ang Lee,未知,未知,https://movie.douban.com/subject/1418834/
123,勇敢的心,8.9,未知,梅尔·吉布森 Mel Gibson,未知,未知,https://movie.douban.com/subject/1294639/
124,时空恋旅人,8.8,未知,理查德·柯蒂斯 Richard Curtis,未知,未知,https://movie.douban.com/subject/10577869/
125,玩具总动员3,8.9,未知,李·昂克里奇 Lee Unkrich,未知,未知,https://movie.douban.com/subject/1858711/
126,傲慢与偏见,8.7,未知,乔·怀特 Joe Wright,未知,未知,https://movie.douban.com/subject/1418200/
127,驯龙高手,8.8,未知,迪恩·德布洛斯 Dean DeBlois / 克里斯·桑德斯 Chris Sanders,未知,未知,https://movie.douban.com/subject/2353023/
128,消失的爱人,8.7,未知,大卫·芬奇 David Fincher,未知,未知,https://movie.douban.com/subject/21318488/
129,无人知晓,9.1,未知,是枝裕和 Hirokazu Koreeda,未知,未知,https://movie.douban.com/subject/1292337/
130,倩女幽魂,8.8,未知,程小东 Siu-Tung Ching,未知,未知,https://movie.douban.com/subject/1297447/
131,新世界,8.9,未知,朴勋政 Hoon-jung Park,未知,未知,https://movie.douban.com/subject/10437779/
132,花样年华,8.8,未知,王家卫 Kar Wai Wong,未知,未知,https://movie.douban.com/subject/1291557/
133,一个叫欧维的男人决定去死,8.9,未知,汉内斯·赫尔姆 Hannes Holm,未知,未知,https://movie.douban.com/subject/26628357/
134,色，戒,8.7,未知,李安 Ang Lee,未知,未知,https://movie.douban.com/subject/1828115/
135,完美的世界,9.1,未知,克林特·伊斯特伍德 Clint Eastwood,未知,未知,https://movie.douban.com/subject/1300992/
136,怪兽电力公司,8.8,未知,彼特·道格特 Pete Docter / 大卫·斯沃曼 David Silverman,未知,未知,https://movie.douban.com/subject/1291579/
137,教父3,9.0,未知,弗朗西斯·福特·科波拉 Francis Ford Coppola,未知,未知,https://movie.douban.com/subject/1294240/
138,小森林 夏秋篇,9.0,未知,森淳一 Junichi Mori,未知,未知,https://movie.douban.com/subject/25814705/
139,天使爱美丽,8.7,未知,让-皮埃尔·热内 Jean-Pierre Jeunet,未知,未知,https://movie.douban.com/subject/1292215/
140,阳光灿烂的日子,8.8,未知,姜文 Wen Jiang,未知,未知,https://movie.douban.com/subject/1291875/
141,九品芝麻官,8.8,未知,王晶 Jing Wong,未知,未知,https://movie.douban.com/subject/1297518/
142,哪吒闹海,9.2,未知,王树忱 Shuchen Wang / 严定宪 Dingxian Yan,未知,未知,https://movie.douban.com/subject/1307315/
143,侧耳倾听,8.9,未知,近藤喜文 Yoshifumi Kondo,未知,未知,https://movie.douban.com/subject/1297052/
144,被解救的姜戈,8.8,未知,昆汀·塔伦蒂诺 Quentin Tarantino,未知,未知,https://movie.douban.com/subject/6307447/
145,幸福终点站,8.8,未知,史蒂文·斯皮尔伯格 Steven Spielberg,未知,未知,https://movie.douban.com/subject/1292274/
146,请以你的名字呼唤我,8.8,未知,卢卡·瓜达尼诺 Luca Guadagnino,未知,未知,https://movie.douban.com/subject/26799731/
147,釜山行,8.6,未知,延尚昊 Sang-ho Yeon,未知,未知,https://movie.douban.com/subject/25986180/
148,神偷奶爸,8.7,未知,皮艾尔·柯芬 Pierre Coffin / 克里斯·雷纳德 Chris Renaud,未知,未知,https://movie.douban.com/subject/3287562/
149,小森林 冬春篇,9.0,未知,森淳一 Junichi Mori,未知,未知,https://movie.douban.com/subject/25814707/
150,喜宴,9.0,未知,李安 Ang Lee,未知,未知,https://movie.douban.com/subject/1303037/
151,萤火之森,8.8,未知,大森贵弘 Takahiro Omori,未知,未知,https://movie.douban.com/subject/5989818/
152,告白,8.8,未知,中岛哲也 Tetsuya Nakashima,未知,未知,https://movie.douban.com/subject/4268598/
153,七武士,9.3,未知,黑泽明 Akira Kurosawa,未知,未知,https://movie.douban.com/subject/1295399/
154,头号玩家,8.6,未知,史蒂文·斯皮尔伯格 Steven Spielberg,未知,未知,https://movie.douban.com/subject/4920389/
155,玛丽和麦克斯,9.0,未知,亚当·艾略特 Adam Elliot,未知,未知,https://movie.douban.com/subject/3072124/
156,机器人之梦,9.1,未知,巴勃罗·贝格尔 Pablo Berger,未知,未知,https://movie.douban.com/subject/35426925/
157,模仿游戏,8.8,未知,莫滕·泰杜姆 Morten Tyldum,未知,未知,https://movie.douban.com/subject/10463953/
158,惊魂记,9.0,未知,阿尔弗雷德·希区柯克 Alfred Hitchcock,未知,未知,https://movie.douban.com/subject/1293181/
159,心灵奇旅,8.7,未知,彼特·道格特 Pete Docter / 凯普·鲍尔斯 Kemp Powers,未知,未知,https://movie.douban.com/subject/24733428/
160,大鱼,8.8,未知,蒂姆·波顿 Tim Burton,未知,未知,https://movie.douban.com/subject/1291545/
161,背靠背，脸对脸,9.5,未知,黄建新 Jianxin Huang / 杨亚洲 Yazhou Yang,未知,未知,https://movie.douban.com/subject/1307856/
162,你的名字。,8.5,未知,新海诚 Makoto Shinkai,未知,未知,https://movie.douban.com/subject/26683290/
163,血战钢锯岭,8.7,未知,梅尔·吉布森 Mel Gibson,未知,未知,https://movie.douban.com/subject/26325320/
164,射雕英雄传之东成西就,8.7,未知,刘镇伟 Jeffrey Lau,未知,未知,https://movie.douban.com/subject/1316510/
165,末路狂花,9.0,未知,雷德利·斯科特 Ridley Scott,未知,未知,https://movie.douban.com/subject/1291992/
166,我是山姆,9.0,未知,杰茜·尼尔森 Jessie Nelson,未知,未知,https://movie.douban.com/subject/1306861/
167,阳光姐妹淘,8.8,未知,姜炯哲 Hyeong-Cheol Kang,未知,未知,https://movie.douban.com/subject/4917726/
168,高山下的花环,9.5,未知,谢晋 Jin Xie,未知,未知,https://movie.douban.com/subject/1422283/
169,恐怖直播,8.7,未知,金秉祐 Byeong-woo Kim,未知,未知,https://movie.douban.com/subject/21360417/
170,黑客帝国3：矩阵革命,8.8,未知,"拉娜·沃卓斯基 Lana Wachowski / 莉莉·沃卓斯基 Lilly Wachowski   ...
                            2003 / 美国 / 动作 科幻",未知,未知,https://movie.douban.com/subject/1302467/
171,小丑,8.7,未知,托德·菲利普斯 Todd Phillips,未知,未知,https://movie.douban.com/subject/27119724/
172,谍影重重3,8.9,未知,保罗·格林格拉斯 Paul Greengrass,未知,未知,https://movie.douban.com/subject/1578507/
173,三块广告牌,8.7,未知,马丁·麦克唐纳 Martin McDonagh,未知,未知,https://movie.douban.com/subject/26611804/
174,无间道2,8.8,未知,刘伟强 Andrew Lau / 麦兆辉 Alan Mak,未知,未知,https://movie.douban.com/subject/1307106/
175,电锯惊魂,8.7,未知,詹姆斯·温 James Wan,未知,未知,https://movie.douban.com/subject/1417598/
176,达拉斯买家俱乐部,8.8,未知,让-马克·瓦雷 Jean-Marc Vallée,未知,未知,https://movie.douban.com/subject/1793929/
177,疯狂原始人,8.7,未知,科克·德·米科 Kirk De Micco / 克里斯·桑德斯 Chris Sanders,未知,未知,https://movie.douban.com/subject/1907966/
178,绿里奇迹,8.9,未知,弗兰克·德拉邦特 Frank Darabont,未知,未知,https://movie.douban.com/subject/1300374/
179,爱在午夜降临前,8.8,未知,理查德·林克莱特 Richard Linklater,未知,未知,https://movie.douban.com/subject/10808442/
180,疯狂的石头,8.6,未知,宁浩 Hao Ning,未知,未知,https://movie.douban.com/subject/1862151/
181,雨中曲,9.1,未知,斯坦利·多南 Stanley Donen / 吉恩·凯利 Gene Kelly,未知,未知,https://movie.douban.com/subject/1293460/
182,2001太空漫游,8.9,未知,斯坦利·库布里克 Stanley Kubrick,未知,未知,https://movie.douban.com/subject/1292226/
183,海街日记,8.8,未知,是枝裕和 Hirokazu Koreeda,未知,未知,https://movie.douban.com/subject/25895901/
184,上帝之城,9.0,未知,"费尔南多·梅里尔斯 Fernando Meirelles / 卡迪亚·兰德 Kátia Lund  &nbsp...
                            2002 / 巴西 法国 / 犯罪 剧情",未知,未知,https://movie.douban.com/subject/1292208/
185,心迷宫,8.7,未知,忻钰坤 Yukun Xin,未知,未知,https://movie.douban.com/subject/25917973/
186,风之谷,8.9,未知,宫崎骏 Hayao Miyazaki,未知,未知,https://movie.douban.com/subject/1291585/
187,记忆碎片,8.7,未知,克里斯托弗·诺兰 Christopher Nolan,未知,未知,https://movie.douban.com/subject/1304447/
188,英雄本色,8.6,未知,吴宇森 John Woo,未知,未知,https://movie.douban.com/subject/1297574/
189,纵横四海,8.8,未知,吴宇森 John Woo,未知,未知,https://movie.douban.com/subject/1295409/
190,恐怖游轮,8.5,未知,克里斯托弗·史密斯 Christopher Smith,未知,未知,https://movie.douban.com/subject/3011051/
191,无敌破坏王,8.7,未知,瑞奇·莫尔 Rich Moore,未知,未知,https://movie.douban.com/subject/6534248/
192,芙蓉镇,9.3,未知,谢晋 Jin Xie,未知,未知,https://movie.douban.com/subject/1297880/
193,卢旺达饭店,8.9,未知,特瑞·乔治 Terry George,未知,未知,https://movie.douban.com/subject/1291822/
194,魔女宅急便,8.7,未知,宫崎骏 Hayao Miyazaki,未知,未知,https://movie.douban.com/subject/1307811/
195,牯岭街少年杀人事件,8.9,未知,杨德昌 Edward Yang,未知,未知,https://movie.douban.com/subject/1292329/
196,小偷家族,8.7,未知,是枝裕和 Hirokazu Koreeda,未知,未知,https://movie.douban.com/subject/27622447/
197,东京教父,9.0,未知,今敏 Satoshi Kon,未知,未知,https://movie.douban.com/subject/1310177/
198,冰川时代,8.7,未知,卡洛斯·沙尔丹哈 Carlos Saldanha / 克里斯·韦奇 Chris Wedge,未知,未知,https://movie.douban.com/subject/1291578/
199,忠犬八公物语,9.2,未知,神山征二郎 Seijirô Kôyama,未知,未知,https://movie.douban.com/subject/1959195/
200,岁月神偷,8.7,未知,罗启锐 Alex Law,未知,未知,https://movie.douban.com/subject/3792799/
201,遗愿清单,8.7,未知,罗伯·莱纳 Rob Reiner,未知,未知,https://movie.douban.com/subject/1867345/
202,大佛普拉斯,8.7,未知,黄信尧 Hsin-yao Huang,未知,未知,https://movie.douban.com/subject/27059130/
203,白日梦想家,8.6,未知,本·斯蒂勒 Ben Stiller,未知,未知,https://movie.douban.com/subject/2133323/
204,源代码,8.6,未知,邓肯·琼斯 Duncan Jones,未知,未知,https://movie.douban.com/subject/3075287/
205,花束般的恋爱,8.6,未知,土井裕泰 Nobuhiro Doi,未知,未知,https://movie.douban.com/subject/34874432/
206,荒蛮故事,8.7,未知,达米安·斯兹弗隆 Damián Szifron,未知,未知,https://movie.douban.com/subject/24750126/
207,爱乐之城,8.4,未知,达米恩·查泽雷 Damien Chazelle,未知,未知,https://movie.douban.com/subject/25934014/
208,疯狂的麦克斯4：狂暴之路,8.7,未知,乔治·米勒 George Miller,未知,未知,https://movie.douban.com/subject/3592854/
209,可可西里,8.9,未知,陆川 Chuan Lu,未知,未知,https://movie.douban.com/subject/1308857/
210,你看起来好像很好吃,8.9,未知,藤森雅也 Masaya Fujimori,未知,未知,https://movie.douban.com/subject/4848115/
211,波西米亚狂想曲,8.6,未知,布莱恩·辛格 Bryan Singer,未知,未知,https://movie.douban.com/subject/5300054/
212,贫民窟的百万富翁,8.6,未知,丹尼·鲍尔 Danny Boyle / 洛芙琳·坦丹 Loveleen Tandan,未知,未知,https://movie.douban.com/subject/2209573/
213,城市之光,9.3,未知,查理·卓别林 Charles Chaplin,未知,未知,https://movie.douban.com/subject/1293908/
214,大红灯笼高高挂,8.8,未知,张艺谋 Yimou Zhang,未知,未知,https://movie.douban.com/subject/1293323/
215,爆裂鼓手,8.6,未知,达米恩·查泽雷 Damien Chazelle,未知,未知,https://movie.douban.com/subject/25773932/
216,哈利·波特与死亡圣器(上),8.6,未知,大卫·叶茨 David Yates,未知,未知,https://movie.douban.com/subject/2051007/
217,无耻混蛋,8.7,未知,昆汀·塔伦蒂诺 Quentin Tarantino,未知,未知,https://movie.douban.com/subject/1438652/
218,终结者2：审判日,8.8,未知,詹姆斯·卡梅隆 James Cameron,未知,未知,https://movie.douban.com/subject/1291844/
219,青蛇,8.6,未知,徐克 Hark Tsui,未知,未知,https://movie.douban.com/subject/1303394/
220,东邪西毒,8.6,未知,王家卫 Kar Wai Wong,未知,未知,https://movie.douban.com/subject/1292328/
221,黑天鹅,8.6,未知,达伦·阿罗诺夫斯基 Darren Aronofsky,未知,未知,https://movie.douban.com/subject/1978709/
222,新龙门客栈,8.7,未知,李惠民 Raymond Lee,未知,未知,https://movie.douban.com/subject/1292287/
223,初恋这件小事,8.5,未知,"普特鹏·普罗萨卡·那·萨克那卡林 Puttipong Promsaka Na Sakolnakorn / 华森·波克彭...
                            2010 / 泰国 / 剧情 喜剧 爱情",未知,未知,https://movie.douban.com/subject/4739952/
224,千钧一发,8.8,未知,安德鲁·尼科尔 Andrew Niccol,未知,未知,https://movie.douban.com/subject/1300117/
225,人工智能,8.7,未知,史蒂文·斯皮尔伯格 Steven Spielberg,未知,未知,https://movie.douban.com/subject/1302827/
226,崖上的波妞,8.6,未知,宫崎骏 Hayao Miyazaki,未知,未知,https://movie.douban.com/subject/1959877/
227,虎口脱险,8.9,未知,杰拉尔·乌里 Gérard Oury,未知,未知,https://movie.douban.com/subject/1296909/
228,雨人,8.7,未知,巴瑞·莱文森 Barry Levinson,未知,未知,https://movie.douban.com/subject/1291870/
229,彗星来的那一夜,8.6,未知,詹姆斯·沃德·布柯特 James Ward Byrkit,未知,未知,https://movie.douban.com/subject/25807345/
230,哈利·波特与凤凰社,8.6,未知,大卫·叶茨 David Yates,未知,未知,https://movie.douban.com/subject/1457217/
231,罗生门,8.8,未知,黑泽明 Akira Kurosawa,未知,未知,https://movie.douban.com/subject/1291879/
232,海边的曼彻斯特,8.6,未知,肯尼斯·罗纳根 Kenneth Lonergan,未知,未知,https://movie.douban.com/subject/25980443/
233,火星救援,8.5,未知,雷德利·斯科特 Ridley Scott,未知,未知,https://movie.douban.com/subject/25864085/
234,恋恋笔记本,8.5,未知,尼克·卡索维茨 Nick Cassavetes,未知,未知,https://movie.douban.com/subject/1309163/
235,真爱至上,8.5,未知,理查德·柯蒂斯 Richard Curtis,未知,未知,https://movie.douban.com/subject/1292401/
236,冰雪奇缘,8.5,未知,克里斯·巴克 Chris Buck / 珍妮弗·李 Jennifer Lee,未知,未知,https://movie.douban.com/subject/4202982/
237,黑客帝国2：重装上阵,8.7,未知,"拉娜·沃卓斯基 Lana Wachowski / 莉莉·沃卓斯基 Lilly Wachowski   ...
                            2003 / 美国 / 动作 科幻",未知,未知,https://movie.douban.com/subject/1304141/
238,步履不停,8.8,未知,是枝裕和 Hirokazu Koreeda,未知,未知,https://movie.douban.com/subject/2222996/
239,千年女优,8.8,未知,今敏 Satoshi Kon,未知,未知,https://movie.douban.com/subject/1307394/
240,奇迹男孩,8.6,未知,斯蒂芬·卓博斯基 Stephen Chbosky,未知,未知,https://movie.douban.com/subject/26787574/
241,蜘蛛侠：平行宇宙,8.6,未知,鲍勃·佩尔西凯蒂 Bob Persichetti / 彼得·拉姆齐 Peter Ramsey,未知,未知,https://movie.douban.com/subject/26374197/
242,谍影重重2,8.7,未知,保罗·格林格拉斯 Paul Greengrass,未知,未知,https://movie.douban.com/subject/1308767/
243,战争之王,8.7,未知,安德鲁·尼科尔 Andrew Niccol,未知,未知,https://movie.douban.com/subject/1419936/
244,攻壳机动队,9.0,未知,押井守 Mamoru Oshii,未知,未知,https://movie.douban.com/subject/1291936/
245,血钻,8.7,未知,爱德华·兹威克 Edward Zwick,未知,未知,https://movie.douban.com/subject/1428175/
246,小姐,8.5,未知,朴赞郁 Chan-wook Park,未知,未知,https://movie.douban.com/subject/25977027/
247,血观音,8.6,未知,杨雅喆 Ya-che Yang,未知,未知,https://movie.douban.com/subject/27113517/
248,隐藏人物,8.9,未知,特奥多尔·梅尔菲 Theodore Melfi,未知,未知,https://movie.douban.com/subject/26615208/
249,魂断蓝桥,8.8,未知,茂文·勒鲁瓦 Mervyn LeRoy,未知,未知,https://movie.douban.com/subject/1293964/
250,房间,8.7,未知,伦尼·阿伯拉罕森 Lenny Abrahamson,未知,未知,https://movie.douban.com/subject/25724855/
